ZCTA,DATE,AVG,DP
90011,2013-01-01,11.163172245025649,-1.215082917962946
90011,2013-01-02,12.01618409156797,-3.5881793052799447
90011,2013-01-03,13.505090475082394,-5.190248575755275
90011,2013-01-04,13.173549652099595,-2.5827795454864324
90011,2013-01-05,11.969833135604855,-3.590601947718819
90011,2013-01-06,11.503252506256105,6.4224077058678075
90011,2013-01-07,13.42428183555604,-1.1928714321990852
90011,2013-01-08,14.41877841949461,-2.426179871383006
90011,2013-01-09,14.039696693420435,0.4076306201490479
90011,2013-01-10,11.793657541275005,3.7717920677367505
90011,2013-01-11,9.951602458953834,3.2610127481869333
90011,2013-01-12,9.052760243415815,-1.7894374887051583
90011,2013-01-13,8.597172975540145,-3.6041208527084643
90011,2013-01-14,7.991298615932475,-4.776669606225588
90011,2013-01-15,9.05857348442079,-5.242871341419374
90011,2013-01-16,12.53660321235656,-5.197866635169525
90011,2013-01-17,16.264074325561516,-5.183335699235233
90011,2013-01-18,18.249525547027606,-2.798966820963441
90011,2013-01-19,18.214374065399184,-3.0539622466907494
90011,2013-01-20,18.452391624450676,-3.8440583352188433
90011,2013-01-21,17.96408557891848,-4.650688417905781
90011,2013-01-22,18.658276081085198,-3.086308912278785
90011,2013-01-23,18.9294238090515,6.8110897441151925
90011,2013-01-24,15.90769910812375,11.159201291810172
90011,2013-01-25,16.9627299308777,14.843228972747786
90011,2013-01-26,16.096254348754847,12.957082422242554
90011,2013-01-27,13.47219276428225,10.465172948075677
90011,2013-01-28,12.024506330490091,7.6170433394015955
90011,2013-01-29,11.284245252609255,5.053154436876639
90011,2013-01-30,13.535444736480706,3.1734710279840304
90011,2013-01-31,16.57266759872439,3.787139790005207
90011,2013-02-01,16.94313621520995,6.261248460204381
90011,2013-02-02,18.58613681793215,9.983937328393157
90011,2013-02-03,18.45605993270875,9.61291105197746
90011,2013-02-04,14.8936457633972,6.9931133863734845
90011,2013-02-05,13.47321701049805,10.999571790105778
90011,2013-02-06,13.53194046020506,8.95703626646425
90011,2013-02-07,11.743612766265855,6.399054682436332
90011,2013-02-08,9.70755290985106,6.283665872610897
90011,2013-02-09,9.101637482643104,1.250166419055452
90011,2013-02-10,10.003021001815775,4.544169227279607
90011,2013-02-11,11.350497961044315,2.462442155492453
90011,2013-02-12,11.583081007003775,1.3513015831213913
90011,2013-02-13,12.750849246978767,1.1689669527403757
90011,2013-02-14,15.34658455848693,1.451761302847277
90011,2013-02-15,18.517166614532492,2.845047338282296
90011,2013-02-16,19.30652284622195,4.506971071113198
90011,2013-02-17,14.601317405700675,3.6434447099278326
90011,2013-02-18,14.41321277618405,10.558880688002754
90011,2013-02-19,11.27861690521242,8.436146722312069
90011,2013-02-20,10.733834505081175,0.8278840147968047
90011,2013-02-21,11.998416185379044,1.43701376040996
90011,2013-02-22,12.413564920425431,-0.8472906342212606
90011,2013-02-23,12.091350793838494,0.8619011707487779
90011,2013-02-24,13.803939342498765,1.4534868322457881
90011,2013-02-25,13.675559520721425,-1.135158920128649
90011,2013-02-26,14.08418226242064,-2.5287864962909414
90011,2013-02-27,16.74832963943483,0.49303845883465824
90011,2013-02-28,18.13209104537962,-2.0608777963323663
90011,2013-03-01,20.259005069732652,-2.1669758234840795
90011,2013-03-02,20.9561324119568,1.4434487380502947
90011,2013-03-03,17.0699954032898,6.443704807175504
90011,2013-03-04,15.82832050323485,5.384433585352754
90011,2013-03-05,14.58140993118285,7.280138317941998
90011,2013-03-06,13.52436208724978,7.221168737078038
90011,2013-03-07,13.78416776657105,10.38516949965052
90011,2013-03-08,11.433255434036246,6.288429692471721
90011,2013-03-09,13.098980903625495,4.035276576629395
90011,2013-03-10,14.38661932945252,0.9112357375835362
90011,2013-03-11,16.4273018836975,1.2021825269941022
90011,2013-03-12,16.629475116729715,1.7492982113045297
90011,2013-03-13,19.18026447296145,2.154754637397879
90011,2013-03-14,18.5309772491455,3.6653108643386214
90011,2013-03-15,17.8618626594543,4.811221887013806
90011,2013-03-16,15.62795686721805,7.3253330044956
90011,2013-03-17,15.4903001785278,8.46808490518005
90011,2013-03-18,15.445063114166249,9.53490417610295
90011,2013-03-19,15.026907444000251,5.722855642425333
90011,2013-03-20,16.2356643676758,5.916081216512767
90011,2013-03-21,16.88890552520755,4.983645727784968
90011,2013-03-22,16.76645088195805,4.995870831449402
90011,2013-03-23,16.64557266235355,3.246649728697074
90011,2013-03-24,17.647302627563498,2.013115628389279
90011,2013-03-25,17.214457035064697,1.4724752685895028
90011,2013-03-26,16.6031918525696,4.759440519961361
90011,2013-03-27,16.84279441833495,5.815828860429903
90011,2013-03-28,17.4763798713684,4.148834822583829
90011,2013-03-29,17.35959911346435,4.836265075237783
90011,2013-03-30,16.9741473197937,6.223322564351378
90011,2013-03-31,16.43157005310055,7.668631596320941
90011,2013-04-01,15.496017456054698,5.682817452325242
90011,2013-04-02,16.80177402496335,3.2611091308656723
90011,2013-04-03,17.9407320022583,0.6881217816328887
90011,2013-04-04,17.31910610198975,5.995970540970451
90011,2013-04-05,17.58484983444215,8.05835172280064
90011,2013-04-06,17.4696145057678,6.1198162159262335
90011,2013-04-07,17.47782278060915,3.4697463346738555
90011,2013-04-08,17.3074188232422,6.572908309818329
90011,2013-04-09,18.47059869766235,-1.2425094347425611
90011,2013-04-10,18.70964288711545,-3.142724489570102
90011,2013-04-11,18.07269477844235,-1.4433588760037876
90011,2013-04-12,17.36197853088375,2.8136056434014205
90011,2013-04-13,15.5849528312683,9.382640812581146
90011,2013-04-14,15.381356716156,8.684696453634439
90011,2013-04-15,15.278931140899651,5.7637236111652514
90011,2013-04-16,14.865252494812,-1.2798282742442089
90011,2013-04-17,17.77932405471805,-1.3617997818232583
90011,2013-04-18,18.57004928588865,-3.3311199382925536
90011,2013-04-19,20.406060218811,-2.243813215004881
90011,2013-04-20,20.455099582672098,-1.8314540526484933
90011,2013-04-21,19.74200773239135,-0.8503775525884618
90011,2013-04-22,18.256783485412598,2.2509827542600913
90011,2013-04-23,18.34952783584595,2.630262225421858
90011,2013-04-24,16.42499828338625,10.953142946789743
90011,2013-04-25,18.0858826637268,-0.1853650500706676
90011,2013-04-26,18.0187907218933,-1.8564148504079736
90011,2013-04-27,17.860281944274902,-1.6706454175620702
90011,2013-04-28,18.73131704330445,-0.5989816159890619
90011,2013-04-29,18.461291790008552,-0.3053511717652927
90011,2013-04-30,17.50402593612675,0.15759570971984502
90011,2013-05-01,19.86983489990235,0.7272300157076089
90011,2013-05-02,21.9388575553894,-1.3259600541243297
90011,2013-05-03,24.61020374298095,1.092550734799672
90011,2013-05-04,19.7077283859253,0.5703867924938812
90011,2013-05-05,17.617345809936552,0.19517927787005807
90011,2013-05-06,16.97081756591795,0.8570954709284532
90011,2013-05-07,17.707670211792,0.7868596321520095
90011,2013-05-08,18.053178787231452,2.179653573161808
90011,2013-05-09,18.1351819038391,-0.6421761964471817
90011,2013-05-10,19.5513758659363,0.13827346324923454
90011,2013-05-11,22.0618748664856,0.9656146932238537
90011,2013-05-12,22.6821689605713,1.6318841358181544
90011,2013-05-13,26.165625572204597,4.191256629866639
90011,2013-05-14,21.1157817840576,1.203379348539998
90011,2013-05-15,18.96304845809935,0.23002520171919527
90011,2013-05-16,18.96436834335325,1.2429176424212496
90011,2013-05-17,19.4017572402954,1.7766019280656014
90011,2013-05-18,19.2690625190735,0.5878988648699077
90011,2013-05-19,19.183846473693848,0.04886855441694441
90011,2013-05-20,21.3702039718628,1.1725084849779468
90011,2013-05-21,21.33464145660405,2.2007551817554662
90011,2013-05-22,20.2758083343506,2.3165083933248005
90011,2013-05-23,18.9769444465637,1.01759578281174
90011,2013-05-24,18.4586410522461,-0.0614683282148891
90011,2013-05-25,18.57167625427245,0.21947376301473234
90011,2013-05-26,18.33872413635255,-0.13568253658833565
90011,2013-05-27,19.5038962364197,0.8587257919613628
90011,2013-05-28,20.84933280944825,1.7773105833367757
90011,2013-05-29,21.57719039916995,2.1454118071064605
90011,2013-05-30,21.32264137268065,1.8470865506852938
90011,2013-05-31,21.5217685699463,2.6784127327031166
90011,2013-06-01,21.87925338745115,2.3523708292051637
90011,2013-06-02,20.87570762634275,3.075708040176847
90011,2013-06-03,20.5895156860352,2.6411327301496184
90011,2013-06-04,20.090819358825698,2.2126941297165654
90011,2013-06-05,19.41473388671875,1.5399068380735645
90011,2013-06-06,19.09805107116695,1.2270724613434523
90011,2013-06-07,19.1556043624878,1.294536707587024
90011,2013-06-08,20.1107759475708,1.9770430960803824
90011,2013-06-09,20.0342950820923,1.9576958359338397
90011,2013-06-10,20.67525100708005,2.1025397130208603
90011,2013-06-11,21.2258176803589,1.561747671436074
90011,2013-06-12,19.743556976318352,2.2009120951056245
90011,2013-06-13,20.43928718566895,1.7312434690425147
90011,2013-06-14,20.106276512146,1.3101912217527691
90011,2013-06-15,20.355643272399952,2.055111799716664
90011,2013-06-16,20.38014936447145,1.4913005536653199
90011,2013-06-17,20.06267881393435,0.7496469462562889
90011,2013-06-18,20.861005783081048,1.6212594510265792
90011,2013-06-19,20.45823097229,1.4610033653298102
90011,2013-06-20,21.08442735671995,1.5036091934367795
90011,2013-06-21,21.381599426269553,1.80803516536879
90011,2013-06-22,21.2442436218262,2.437269051214015
90011,2013-06-23,20.70824241638185,2.944024021675628
90011,2013-06-24,20.5201435089111,2.64380522270201
90011,2013-06-25,20.7028694152832,2.78796614978827
90011,2013-06-26,22.65114402770995,2.8154669041371894
90011,2013-06-27,24.66572284698485,3.390394021720816
90011,2013-06-28,24.492350578308148,3.6281245087391087
90011,2013-06-29,25.35311031341555,4.689259182637581
90011,2013-06-30,26.532919883728,5.4725064138523525
90011,2013-07-01,26.19603633880615,4.900051112315434
90011,2013-07-02,23.8336925506592,4.588760962358439
90011,2013-07-03,22.7643909454346,3.555541460858533
90011,2013-07-04,22.715781211853,3.3446627973646588
90011,2013-07-05,22.12924957275395,3.274519718144115
90011,2013-07-06,22.726603507995648,3.7957469406026747
90011,2013-07-07,22.219141006469698,3.6960361009141134
90011,2013-07-08,22.92463779449465,2.699942645275832
90011,2013-07-09,23.5050973892212,3.653849471000657
90011,2013-07-10,23.303150177002,4.807652477577325
90011,2013-07-11,22.18323040008545,5.054273663471375
90011,2013-07-12,23.17313766479495,2.957098826671641
90011,2013-07-13,21.99844074249265,2.360160227837664
90011,2013-07-14,22.74444007873535,2.754091118835265
90011,2013-07-15,23.010497093200698,3.380349837083751
90011,2013-07-16,21.91937828063965,1.4735513898773367
90011,2013-07-17,22.54357051849365,1.7728428172793418
90011,2013-07-18,21.96029663085935,2.0664505767680645
90011,2013-07-19,21.7107744216919,2.448260359522926
90011,2013-07-20,21.9925060272217,3.487501461506221
90011,2013-07-21,20.8477382659912,3.937290189289905
90011,2013-07-22,22.90812301635745,3.687127659203002
90011,2013-07-23,21.9853229522705,3.2941330952210652
90011,2013-07-24,21.096633911132848,2.361748004198603
90011,2013-07-25,21.41884326934815,2.1494247914406013
90011,2013-07-26,22.09868812561035,2.8074187041881418
90011,2013-07-27,21.380414962768548,2.4301419345121844
90011,2013-07-28,20.538423538208,2.199333308368336
90011,2013-07-29,20.9799280166626,2.4020520975324717
90011,2013-07-30,20.6649332046509,2.017654215674763
90011,2013-07-31,19.78488159179685,1.5881484172322775
90011,2013-08-01,20.042128562927253,1.605573919763804
90011,2013-08-02,20.86753559112545,1.9035313911156944
90011,2013-08-03,21.4416627883911,2.526068417070701
90011,2013-08-04,20.5462551116943,1.6368909334398207
90011,2013-08-05,20.6333141326904,0.8696093845149028
90011,2013-08-06,20.603518009185798,1.530820885487026
90011,2013-08-07,20.427433013916,1.3000753189014242
90011,2013-08-08,20.40090942382815,1.0495207309754946
90011,2013-08-09,20.28739500045775,1.2199698031527462
90011,2013-08-10,20.51473903656005,1.8327455160750887
90011,2013-08-11,20.815184593200698,1.537082795446252
90011,2013-08-12,21.0590362548828,1.5592556006748195
90011,2013-08-13,21.72902965545655,1.9756836281231343
90011,2013-08-14,22.29096031188965,2.440601339747795
90011,2013-08-15,22.670749664306648,2.826157743007325
90011,2013-08-16,22.9942502975464,3.1989283616066597
90011,2013-08-17,22.318994522094698,2.7597980453880324
90011,2013-08-18,21.4468183517456,2.028657768701353
90011,2013-08-19,22.0051097869873,2.852662683550683
90011,2013-08-20,21.64158630371095,2.1946487296744888
90011,2013-08-21,22.58055782318115,2.5605296917643083
90011,2013-08-22,23.75568199157715,3.0853513971529827
90011,2013-08-23,23.545611381530797,2.4496447939211623
90011,2013-08-24,21.4820628166199,1.3421074871195768
90011,2013-08-25,21.28639364242555,0.8402893756037845
90011,2013-08-26,24.530612945556598,3.5781560535117647
90011,2013-08-27,24.9201669692993,5.424889513340233
90011,2013-08-28,25.4184846878052,4.854545991660789
90011,2013-08-29,27.237174034118652,5.585470180760741
90011,2013-08-30,29.23964214324955,9.043938463393893
90011,2013-08-31,27.7876558303833,8.84954099130138
90011,2013-09-01,25.7720832824707,6.63902104285662
90011,2013-09-02,24.941031455993652,5.569032823493677
90011,2013-09-03,26.890257835388198,6.212111470824297
90011,2013-09-04,27.777378082275398,7.258069039843901
90011,2013-09-05,27.7812271118164,7.087895208049853
90011,2013-09-06,27.89143180847165,6.576172781291401
90011,2013-09-07,27.091117858886697,5.944722014619308
90011,2013-09-08,23.2062711715698,3.6721494777866304
90011,2013-09-09,21.235838890075648,2.477542450267351
90011,2013-09-10,20.6448516845703,1.7125813049030774
90011,2013-09-11,20.70741081237795,1.7244730193282982
90011,2013-09-12,22.186827659606898,1.589012492503661
90011,2013-09-13,22.7002401351929,2.761107088675722
90011,2013-09-14,23.3693904876709,3.4507344569047564
90011,2013-09-15,24.501127243042,3.3837935039456424
90011,2013-09-16,24.01544570922855,3.120254804514018
90011,2013-09-17,21.32780265808105,1.7131915442333452
90011,2013-09-18,21.055481910705602,2.1202796294185062
90011,2013-09-19,20.79825258255005,1.5166537010877
90011,2013-09-20,20.482497215271003,3.6736688958792256
90011,2013-09-21,20.817513465881348,2.851778514806447
90011,2013-09-22,20.145938873291,0.9471984934876211
90011,2013-09-23,23.485652923584,0.7758541755352963
90011,2013-09-24,23.028434753417947,2.256962537200036
90011,2013-09-25,20.962741851806598,1.889069208671734
90011,2013-09-26,20.29717350006105,1.679535144331016
90011,2013-09-27,21.0014328956604,-0.6228169472917652
90011,2013-09-28,23.1730799674988,0.3987674161706949
90011,2013-09-29,22.01961851119995,-0.22502639229613486
90011,2013-09-30,20.91181802749635,0.15508573127882214
90011,2013-10-01,21.24288177490235,0.9503080430236945
90011,2013-10-02,20.77954387664795,2.552559017450144
90011,2013-10-03,19.999555587768548,2.100478586577221
90011,2013-10-04,23.41526126861575,1.960035879143979
90011,2013-10-05,24.3545932769775,1.01754414063368
90011,2013-10-06,24.44599676132205,1.099243673201306
90011,2013-10-07,22.40400743484495,1.213461952624854
90011,2013-10-08,18.78827571868895,-0.16988375131113903
90011,2013-10-09,16.073281288147,-1.4580159616242334
90011,2013-10-10,15.84061908721925,-3.5700888493859444
90011,2013-10-11,17.26769971847535,-2.692863937173817
90011,2013-10-12,18.07849407196045,-1.8071131622547214
90011,2013-10-13,18.402150154113748,0.2756797891539009
90011,2013-10-14,19.684471607208252,-1.9000790754359806
90011,2013-10-15,22.3144402503967,-0.2693800093203189
90011,2013-10-16,22.7474479675293,0.9277556800119364
90011,2013-10-17,21.269104957580602,-0.5458794305278286
90011,2013-10-18,20.9219570159912,-0.906512377989115
90011,2013-10-19,20.62065076828005,-0.7598270846227839
90011,2013-10-20,18.4054265022278,-1.5678545683974123
90011,2013-10-21,18.1654858589172,-1.5941171548556106
90011,2013-10-22,17.66716289520265,-1.7946012341785744
90011,2013-10-23,17.759352207183852,1.715464293068976
90011,2013-10-24,17.7720608711243,-0.16300796644405635
90011,2013-10-25,18.0268406867981,-0.7287424455934731
90011,2013-10-26,18.747031211853,-0.7975832609862429
90011,2013-10-27,17.6798062324524,-1.0758922171296093
90011,2013-10-28,16.426280021667502,2.3355180976408434
90011,2013-10-29,15.300485134124749,-2.9905408058309875
90011,2013-10-30,16.030517578125,-3.6471533554560764
90011,2013-10-31,18.77238416671755,-3.137415076111112
90011,2013-11-01,21.057089328765848,-2.0259215312353236
90011,2013-11-02,20.76337814331055,-1.0031883493576417
90011,2013-11-03,18.360782623291,2.2427537366986146
90011,2013-11-04,17.174109935760498,1.3391554385491393
90011,2013-11-05,17.55219507217405,-3.5437629868763496
90011,2013-11-06,19.74019575119015,-2.798613078892077
90011,2013-11-07,21.94165992736815,-0.4503832711405787
90011,2013-11-08,18.7729172706604,-2.4498989447288446
90011,2013-11-09,18.5337977409363,-2.073607864357225
90011,2013-11-10,19.82287979125975,-2.55886167112081
90011,2013-11-11,18.1951198577881,-3.158929668221148
90011,2013-11-12,19.36046314239505,-1.0649826956845063
90011,2013-11-13,23.94116020202635,0.117688317484868
90011,2013-11-14,24.0643310546875,1.1143315062000045
90011,2013-11-15,18.43357944488525,6.225920645071049
90011,2013-11-16,16.6201333999634,5.042100444931351
90011,2013-11-17,16.2182149887085,-1.0632913701428284
90011,2013-11-18,15.700163841247548,-1.2278383907276862
90011,2013-11-19,16.0946397781372,8.072476862613543
90011,2013-11-20,16.2379360198975,11.283282177684034
90011,2013-11-21,15.8390669822693,11.069000592224699
90011,2013-11-22,15.2373704910278,3.5975038531800902
90011,2013-11-23,15.15608406066895,-3.661136952972109
90011,2013-11-24,14.694001197814956,-4.794783289102662
90011,2013-11-25,15.476328372955312,-5.049052387944454
90011,2013-11-26,17.7321314811707,-3.8708339857724123
90011,2013-11-27,18.3930983543396,-1.6854213310719859
90011,2013-11-28,16.10322761535645,-3.264797946012253
90011,2013-11-29,15.5411167144775,9.116592002772476
90011,2013-11-30,17.0842685699463,-3.038032658608095
90011,2013-12-01,19.211662292480447,-2.521965189992047
90011,2013-12-02,17.3171124458313,-2.981004387008898
90011,2013-12-03,14.13640165328979,-2.7924354922633996
90011,2013-12-04,12.689125061035181,-2.25233777278815
90011,2013-12-05,11.457974195480345,-3.8696060769799097
90011,2013-12-06,10.79606246948241,-5.123836837861017
90011,2013-12-07,10.484200477600094,2.555488894576621
90011,2013-12-08,9.35499715805053,-3.761044809929601
90011,2013-12-09,10.301227450370796,-6.9475655585185345
90011,2013-12-10,11.97495365142822,-8.286729036975169
90011,2013-12-11,14.7667920589447,-7.599493248483623
90011,2013-12-12,14.047696113586404,-3.339369441874368
90011,2013-12-13,12.642950534820564,-3.578018374823323
90011,2013-12-14,14.981564283370975,-6.594754814626439
90011,2013-12-15,17.972361087799065,-5.468539622036798
90011,2013-12-16,21.56911087036135,-0.3928189368588173
90011,2013-12-17,20.12886571884155,0.015318897762732576
90011,2013-12-18,17.736436367034898,6.737963958265983
90011,2013-12-19,12.328227996826154,8.374581548243988
90011,2013-12-20,12.167006731033304,-0.553640964428634
90011,2013-12-21,12.24154186248781,1.9191119169905386
90011,2013-12-22,13.88106107711791,-1.8194942487671908
90011,2013-12-23,16.197913169860815,-2.029633275842103
90011,2013-12-24,18.16892719268795,-1.031453521413439
90011,2013-12-25,18.49941444396975,-2.5001977233832577
90011,2013-12-26,18.30679941177368,-2.2650242160612057
90011,2013-12-27,18.972609043121334,-3.07507571619666
90011,2013-12-28,16.7780442237854,1.982706897195602
90011,2013-12-29,15.603326320648215,-3.3268710688463394
90011,2013-12-30,15.72541928291319,-2.302991761732639
90011,2013-12-31,14.236266613006595,-1.8685979291958241
90011,2014-01-01,14.396887779235861,7.361227721948324
90011,2014-01-02,18.65625429153445,10.650152579850594
90011,2014-01-03,15.137166976928704,9.075319038384782
90011,2014-01-04,14.828385353088386,9.459965794043006
90011,2014-01-05,16.68437099456785,8.292095001797193
90011,2014-01-06,17.65540599822996,9.864471622956192
90011,2014-01-07,15.28671550750734,9.300246907195731
90011,2014-01-08,14.28431367874148,8.659614579582131
90011,2014-01-09,13.48842573165894,9.522348415302542
90011,2014-01-10,14.75045680999755,8.347542427312602
90011,2014-01-11,15.562039375305197,9.080980578376565
90011,2014-01-12,15.422955989837636,9.561163000091506
90011,2014-01-13,18.416440963745103,9.049774402082427
90011,2014-01-14,19.23887538909915,10.450177166901515
90011,2014-01-15,20.4376063346863,11.463674632916762
90011,2014-01-16,20.6720418930054,11.697141683485045
90011,2014-01-17,21.27591943740845,12.07761494551346
90011,2014-01-18,20.0060148239136,11.131494915843938
90011,2014-01-19,18.2146306037903,10.023475742032804
90011,2014-01-20,18.082640647888162,9.214771740960993
90011,2014-01-21,18.71856355667115,11.74030596994971
90011,2014-01-22,18.3907437324524,11.94001856371253
90011,2014-01-23,15.86187601089479,9.950278627618987
90011,2014-01-24,17.54111909866335,12.43523271364439
90011,2014-01-25,19.1232089996338,13.748714832814906
90011,2014-01-26,15.921503067016602,10.966982978685525
90011,2014-01-27,15.7066879272461,10.958558966458432
90011,2014-01-28,15.149676322936994,9.600391791508791
90011,2014-01-29,15.8319025039673,10.765697502718208
90011,2014-01-30,15.5248637199402,13.338930492727222
90011,2014-01-31,14.941706180572499,12.045040077279353
90011,2014-02-01,14.171147823333719,9.010182991248223
90011,2014-02-02,12.345179319381705,7.349640614386518
90011,2014-02-03,12.166080236434915,7.668335608261325
90011,2014-02-04,12.795094013214115,8.249879936781928
90011,2014-02-05,13.292022228240976,8.906190196333856
90011,2014-02-06,13.3322310447693,10.687195743672486
90011,2014-02-07,13.432774066925054,9.908492475474903
90011,2014-02-08,14.5589003562927,10.794032346290226
90011,2014-02-09,15.672564983367902,12.031697212049885
90011,2014-02-10,16.25131130218505,11.074346504125923
90011,2014-02-11,16.78037548065185,10.804652902934185
90011,2014-02-12,19.017190456390402,11.18663790318294
90011,2014-02-13,18.894957542419398,11.774242585186016
90011,2014-02-14,18.246497631072998,10.797676048157712
90011,2014-02-15,18.35347509384155,11.333306172119373
90011,2014-02-16,17.762514114379847,12.17332116035707
90011,2014-02-17,15.4298915863037,10.3680251608801
90011,2014-02-18,16.0978331565857,12.639710977808559
90011,2014-02-19,15.389976501464849,11.279860636090715
90011,2014-02-20,18.8795428276062,9.115118588747226
90011,2014-02-21,19.100040435791,11.95017633262101
90011,2014-02-22,17.076143741607652,9.841179673536372
90011,2014-02-23,16.09129190444944,9.42524419615482
90011,2014-02-24,16.1317811012268,10.287900739417298
90011,2014-02-25,16.948058128356948,12.732145938741088
90011,2014-02-26,16.5004677772522,13.823632492876786
90011,2014-02-27,17.25596618652345,13.416967082860536
90011,2014-02-28,15.4044542312622,13.107173748922394
90011,2014-03-01,14.3063554763794,11.789154171161362
90011,2014-03-02,14.46433162689205,11.723343500154765
90011,2014-03-03,15.419995307922349,10.86667558805972
90011,2014-03-04,16.1091117858887,11.969110975356964
90011,2014-03-05,17.0240058898926,11.958045385679156
90011,2014-03-06,17.99682474136355,13.944847152810498
90011,2014-03-07,17.61692237854005,13.149248936096559
90011,2014-03-08,19.456468105316198,11.583027933525662
90011,2014-03-09,22.433913230896,14.72605140192464
90011,2014-03-10,20.13876056671145,13.525887125898972
90011,2014-03-11,18.84224796295165,12.233413562895883
90011,2014-03-12,19.68181371688845,12.10002625379154
90011,2014-03-13,17.6539764404297,13.259295222745955
90011,2014-03-14,16.382875919342048,10.26169796852548
90011,2014-03-15,19.5257935523987,9.589765857467174
90011,2014-03-16,22.5834240913391,10.860957141577135
90011,2014-03-17,18.74370670318605,10.914390983525356
90011,2014-03-18,18.867139339447,11.5182928866906
90011,2014-03-19,18.8119988441467,9.614673733657407
90011,2014-03-20,17.544528007507303,10.347496528515842
90011,2014-03-21,16.41042137145995,12.805627216561692
90011,2014-03-22,16.2966718673706,13.021077204970695
90011,2014-03-23,15.6716675758362,9.63469933096416
90011,2014-03-24,16.7691988945007,14.132238993674278
90011,2014-03-25,16.27085876464845,14.131833466855847
90011,2014-03-26,15.97719001770015,12.922612653401885
90011,2014-03-27,15.29297733306885,8.790362925553016
90011,2014-03-28,16.663216590881348,9.867764700371767
90011,2014-03-29,17.744637966156,8.11075922395753
90011,2014-03-30,17.409207820892348,11.337793761760889
90011,2014-03-31,15.2033109664917,9.404422559993613
90011,2014-04-01,13.80579948425295,10.046272217295337
90011,2014-04-02,13.139353752136227,8.33726450503434
90011,2014-04-03,14.238593578338609,5.9514705077123535
90011,2014-04-04,14.82470273971555,9.72351947056331
90011,2014-04-05,15.45787286758425,8.849464470502
90011,2014-04-06,18.20693683624265,6.403185873115591
90011,2014-04-07,21.3570604324341,7.778604816228599
90011,2014-04-08,22.9504132270813,9.012341367659674
90011,2014-04-09,22.16620349884035,8.129743545764105
90011,2014-04-10,18.72887468338015,7.005731641044224
90011,2014-04-11,19.22136545181275,9.09068254471942
90011,2014-04-12,16.837618350982652,12.968632756779682
90011,2014-04-13,16.4773097038269,12.544259552124077
90011,2014-04-14,18.3785662651062,6.565272843241798
90011,2014-04-15,17.8748812675476,9.650610931099315
90011,2014-04-16,17.9073657989502,11.128902852149169
90011,2014-04-17,17.8866648674011,12.927892327544802
90011,2014-04-18,18.80745315551755,13.459348340044833
90011,2014-04-19,17.88330030441285,10.281467709576686
90011,2014-04-20,18.99036931991575,10.270573014941068
90011,2014-04-21,19.1975345611572,9.89264471239791
90011,2014-04-22,18.02912139892575,12.25546711350944
90011,2014-04-23,17.5296387672424,9.149406754368128
90011,2014-04-24,19.04629945755005,7.533345900499108
90011,2014-04-25,17.400415420532198,11.442006311690982
90011,2014-04-26,15.55990600585935,7.934319999144685
90011,2014-04-27,16.450466632843,8.688525999982827
90011,2014-04-28,19.167697429657,7.5047106092507665
90011,2014-04-29,24.16378307342525,7.572783327699084
90011,2014-04-30,25.10803413391115,10.511219932831171
90011,2014-05-01,25.45462799072265,10.742680676145095
90011,2014-05-02,25.69410133361815,9.525286074594819
90011,2014-05-03,23.951661109924302,10.894584982362828
90011,2014-05-04,21.0062804222107,9.687621736513332
90011,2014-05-05,18.34114837646485,11.659816624293958
90011,2014-05-06,16.60122680664065,11.240505976132798
90011,2014-05-07,16.65350246429445,11.175833649540127
90011,2014-05-08,17.320221424102748,10.491217819801046
90011,2014-05-09,17.52263259887695,9.817864681975056
90011,2014-05-10,18.44257736206055,11.043915580689387
90011,2014-05-11,21.922760486602748,7.38126723891268
90011,2014-05-12,23.8579502105713,7.351916482731357
90011,2014-05-13,26.868612289428704,10.06307503000153
90011,2014-05-14,27.90292644500735,8.990256641631277
90011,2014-05-15,29.5973196029663,12.05196124191339
90011,2014-05-16,27.02359676361085,12.514331441718669
90011,2014-05-17,22.81870555877685,12.445514095092944
90011,2014-05-18,20.7083444595337,14.863917558277686
90011,2014-05-19,19.715410232543952,14.525625620716
90011,2014-05-20,17.977750301361098,13.038067353928918
90011,2014-05-21,18.0382089614868,11.671995008685583
90011,2014-05-22,17.930521965026898,13.130370130538079
90011,2014-05-23,18.84749603271485,16.107061451479865
90011,2014-05-24,18.57710361480715,16.072728972977647
90011,2014-05-25,20.7384843826294,14.30077439841658
90011,2014-05-26,21.4086046218872,12.305534244288593
90011,2014-05-27,22.04623317718505,12.865004805011887
90011,2014-05-28,21.79718017578125,14.426084272892401
90011,2014-05-29,21.41713619232175,10.038741177395881
90011,2014-05-30,21.0767526626587,1.086654476755463
90011,2014-05-31,21.0385775566101,0.8444175292779156
90011,2014-06-01,20.7878293991089,0.7231169165699703
90011,2014-06-02,19.76917791366575,0.5278087785358909
90011,2014-06-03,20.2589654922485,-0.5404257002506213
90011,2014-06-04,20.4912633895874,0.31257101952436045
90011,2014-06-05,20.40706205368045,0.8967905741156921
90011,2014-06-06,19.8496236801147,0.8975802780690524
90011,2014-06-07,19.88245916366575,1.3496988184780667
90011,2014-06-08,20.58474588394165,1.049412502424214
90011,2014-06-09,20.3984136581421,0.8355959035574029
90011,2014-06-10,20.732080459594698,2.8315430733427247
90011,2014-06-11,21.03757667541505,2.4873401950053715
90011,2014-06-12,20.3603630065918,1.786289053156985
90011,2014-06-13,19.982785701751702,1.4139897228784766
90011,2014-06-14,20.474634170532198,1.474806771886491
90011,2014-06-15,20.6046438217163,2.2047901166738706
90011,2014-06-16,20.2442054748535,2.0427837763942076
90011,2014-06-17,20.06534576416015,0.6419642103978817
90011,2014-06-18,20.08129930496215,0.7836074245005278
90011,2014-06-19,20.86065101623535,1.1427014912194224
90011,2014-06-20,21.6753444671631,1.477621925548014
90011,2014-06-21,22.1278238296509,2.489109406035493
90011,2014-06-22,21.606401443481452,2.945275744512486
90011,2014-06-23,21.569047927856452,3.1367783887387675
90011,2014-06-24,21.6930322647095,3.002155787718031
90011,2014-06-25,21.50891399383545,3.2179130689225652
90011,2014-06-26,21.9164333343506,3.519353693576931
90011,2014-06-27,22.36705589294435,3.6752198430986223
90011,2014-06-28,22.829324722290053,3.976201905454827
90011,2014-06-29,23.0027647018433,3.954879017262603
90011,2014-06-30,22.380825042724602,3.957983902296813
90011,2014-07-01,22.487296104431152,3.7952244406973237
90011,2014-07-02,22.4383201599121,3.3107698495934708
90011,2014-07-03,23.9252281188965,3.8398186195313073
90011,2014-07-04,24.33267879486085,4.013998614233951
90011,2014-07-05,25.6286039352417,5.298320930641612
90011,2014-07-06,25.081449508667,5.210204327856953
90011,2014-07-07,24.74208068847655,4.884588162740483
90011,2014-07-08,23.97814464569095,4.6405432101554
90011,2014-07-09,23.68878650665285,4.753697137277169
90011,2014-07-10,23.4832105636597,4.278889912775254
90011,2014-07-11,22.631403923034647,3.7661947089201004
90011,2014-07-12,22.94927406311035,3.694478434511339
90011,2014-07-13,23.41880130767825,4.155892024815465
90011,2014-07-14,23.27640628814695,5.0438546566275395
90011,2014-07-15,23.4324789047241,5.44214240266611
90011,2014-07-16,22.87497901916505,4.41523615612183
90011,2014-07-17,22.19067668914795,3.689591749195711
90011,2014-07-18,21.64301013946535,2.950859862206722
90011,2014-07-19,21.273588180542,3.686552504988049
90011,2014-07-20,22.5448923110962,4.023313717650227
90011,2014-07-21,22.60878753662105,3.7382025877010157
90011,2014-07-22,23.43066883087155,3.53620358669397
90011,2014-07-23,24.626708030700648,3.852326817688924
90011,2014-07-24,25.6644124984741,4.268261217039278
90011,2014-07-25,25.2225923538208,5.1591136940962175
90011,2014-07-26,24.59070491790775,5.143902291948409
90011,2014-07-27,24.63499450683595,5.138961683964885
90011,2014-07-28,25.6782455444336,5.656524041793735
90011,2014-07-29,25.11519622802735,4.966418121070518
90011,2014-07-30,25.66400146484375,5.470013755433123
90011,2014-07-31,24.78759765625,4.9166139400091575
90011,2014-08-01,23.89961814880375,4.162362301936333
90011,2014-08-02,24.405812263488748,3.9538442803858707
90011,2014-08-03,25.8012628555298,7.1996358287405515
90011,2014-08-04,24.084666252136252,4.005660383006167
90011,2014-08-05,22.11365604400635,2.1222322525821906
90011,2014-08-06,21.26457023620605,2.5775504913488616
90011,2014-08-07,22.082003593444853,3.1571071488810643
90011,2014-08-08,22.763219833374002,3.6793618859625066
90011,2014-08-09,23.3045587539673,4.445154550271075
90011,2014-08-10,23.694100379943848,3.92538551793925
90011,2014-08-11,23.532102584838853,3.9060570314473333
90011,2014-08-12,23.61080646514895,4.4269049404458976
90011,2014-08-13,22.789392471313448,3.7870964064558974
90011,2014-08-14,23.4343709945679,3.5243189039031257
90011,2014-08-15,24.12399673461915,2.9200428786048693
90011,2014-08-16,25.016917228698752,4.518669267803483
90011,2014-08-17,24.7344217300415,4.322197358331084
90011,2014-08-18,23.8219127655029,3.583702851540254
90011,2014-08-19,23.779514312744148,5.3957526655700025
90011,2014-08-20,23.7576694488525,4.929571719780196
90011,2014-08-21,22.75864124298095,3.9491162758351495
90011,2014-08-22,23.43901920318605,4.4797614923132745
90011,2014-08-23,23.458739280700648,4.087441965492701
90011,2014-08-24,23.2466220855713,3.9592201088825054
90011,2014-08-25,22.15234661102295,3.186085965660954
90011,2014-08-26,23.49025440216065,3.575736350660909
90011,2014-08-27,25.885640144348148,4.545114049124239
90011,2014-08-28,26.371889114379897,5.431336619971648
90011,2014-08-29,24.628174781799302,3.820610017071769
90011,2014-08-30,24.36037063598635,3.5804062037639315
90011,2014-08-31,25.009687423706048,5.310319914532139
90011,2014-09-01,25.069649696350098,5.974001994899721
90011,2014-09-02,24.2924671173096,5.161289718928907
90011,2014-09-03,23.7255268096924,5.018557839679595
90011,2014-09-04,23.113174438476598,4.48651261335236
90011,2014-09-05,23.33618545532225,3.792859970667657
90011,2014-09-06,24.63508033752445,3.8967018664056012
90011,2014-09-07,26.62962341308595,5.562315211991855
90011,2014-09-08,26.3971424102783,6.941302372099698
90011,2014-09-09,25.8689365386963,5.356464717447631
90011,2014-09-10,24.1345329284668,3.2113332642129477
90011,2014-09-11,25.6592082977295,5.197592571697057
90011,2014-09-12,26.307153701782198,5.4431852800865315
90011,2014-09-13,27.22071266174315,5.92238508186796
90011,2014-09-14,29.0925579071045,7.35324349245903
90011,2014-09-15,29.080195426940897,8.030221212628076
90011,2014-09-16,30.91221714019775,9.276479123687245
90011,2014-09-17,28.39566612243655,7.614829273968876
90011,2014-09-18,23.85549449920655,4.8553886359506855
90011,2014-09-19,23.4253664016724,4.980865554293225
90011,2014-09-20,22.3485555648804,4.066767885051808
90011,2014-09-21,22.338447570800803,3.3915646182122083
90011,2014-09-22,21.7326955795288,2.141845059491485
90011,2014-09-23,23.0242757797241,2.5804032606771936
90011,2014-09-24,24.406858444213903,2.8860240643045265
90011,2014-09-25,24.9730682373047,4.8952849562297995
90011,2014-09-26,23.04095458984375,3.9523274764380547
90011,2014-09-27,20.76547145843505,2.2427298436440175
90011,2014-09-28,21.53759288787845,2.7076299105281527
90011,2014-09-29,21.1781120300293,1.5989434708913302
90011,2014-09-30,23.030442237854,2.299444941270963
90011,2014-10-01,22.43798637390135,2.6649154271935602
90011,2014-10-02,27.014833450317347,2.7203595889524825
90011,2014-10-03,27.984742164611802,4.51600831321123
90011,2014-10-04,27.222166061401403,3.947533522877938
90011,2014-10-05,25.980437278747548,3.4470104667820958
90011,2014-10-06,25.474223136901852,3.292817783066247
90011,2014-10-07,25.705183029174798,3.164253888580752
90011,2014-10-08,23.450886726379352,2.871920573731377
90011,2014-10-09,22.6364459991455,4.038338248260605
90011,2014-10-10,21.845326423645048,3.07196950495697
90011,2014-10-11,22.2057809829712,2.5374465328734304
90011,2014-10-12,22.7008275985718,3.8178076124986244
90011,2014-10-13,21.85862350463865,3.046824797132019
90011,2014-10-14,21.4051446914673,3.2922987866479203
90011,2014-10-15,21.224636077880852,2.488901204581773
90011,2014-10-16,20.3747081756592,1.9243649952560211
90011,2014-10-17,20.52991294860835,1.8792932792952077
90011,2014-10-18,20.656617164611852,1.6677359018305773
90011,2014-10-19,20.5157957077026,1.458368529792182
90011,2014-10-20,21.556118011474602,3.0244342426088395
90011,2014-10-21,21.30671405792235,2.342438463411599
90011,2014-10-22,22.4767632484436,1.2710644544162055
90011,2014-10-23,23.00937938690185,2.120569769279633
90011,2014-10-24,23.0350694656372,1.3607277963694204
90011,2014-10-25,21.76668167114255,2.2535497168371568
90011,2014-10-26,20.5643811225891,1.232755845818728
90011,2014-10-27,20.21190786361695,1.269199391314107
90011,2014-10-28,20.5289969444275,0.513545419954226
90011,2014-10-29,22.3389148712158,0.9308833643984401
90011,2014-10-30,20.892436504364,0.845562305396256
90011,2014-10-31,18.5293135643005,7.917062111107228
90011,2014-11-01,16.40051889419555,4.808145277904396
90011,2014-11-02,15.95735597610475,-3.4993835648113643
90011,2014-11-03,17.53880882263185,-3.375540893293505
90011,2014-11-04,18.4599738121033,-2.95684170316738
90011,2014-11-05,21.38304233551025,-1.2556896239522652
90011,2014-11-06,24.616238594055197,2.1176934179873625
90011,2014-11-07,24.148635864257848,1.8705986264358228
90011,2014-11-08,23.33200883865355,0.7630473453925023
90011,2014-11-09,19.5565075874329,0.09822338406375736
90011,2014-11-10,18.83659648895265,7.841001693965884
90011,2014-11-11,18.496040344238303,13.211739358350187
90011,2014-11-12,17.8895239830017,5.543047013815542
90011,2014-11-13,16.7087092399597,-1.3473874248869393
90011,2014-11-14,18.96547031402585,3.3021557262441013
90011,2014-11-15,18.189264774322552,-0.14901649826858374
90011,2014-11-16,18.26336193084715,-1.3806812499770742
90011,2014-11-17,19.077978134155302,-1.806634545184774
90011,2014-11-18,18.46437072753905,-2.7997627707530848
90011,2014-11-19,17.5002202987671,-2.3967331830077274
90011,2014-11-20,16.3377552032471,-2.6273201746879145
90011,2014-11-21,17.717720985412548,-1.3635859113679474
90011,2014-11-22,16.9259924888611,-2.8500308888749575
90011,2014-11-23,19.9052319526672,-1.2036082957198546
90011,2014-11-24,19.63069581985475,-2.191477390744859
90011,2014-11-25,19.4801273345947,-2.507975775692714
90011,2014-11-26,20.8730401992798,-1.969564183124819
90011,2014-11-27,23.090536594390848,0.14159585971017885
90011,2014-11-28,19.67377614974975,-2.1829470573588443
90011,2014-11-29,16.953941822052002,-3.5299450118271922
90011,2014-11-30,17.2286715507507,14.238698096544972
90011,2014-12-01,17.50072717666625,7.003361387130331
90011,2014-12-02,16.5097584724426,12.261706853458817
90011,2014-12-03,17.012170791625998,14.969384989227384
90011,2014-12-04,17.56451749801635,13.808361074877263
90011,2014-12-05,17.218501567840597,13.701900899108276
90011,2014-12-06,17.29874086380005,12.054856236820479
90011,2014-12-07,18.3688430786133,10.157181834673658
90011,2014-12-08,19.4559020996094,10.467295498038867
90011,2014-12-09,18.414590358734152,9.964835609651859
90011,2014-12-10,16.88977432250975,9.919653405647763
90011,2014-12-11,17.30006790161135,15.015967263797219
90011,2014-12-12,14.69273376464845,11.486047279949167
90011,2014-12-13,13.81076908111574,8.91875777659427
90011,2014-12-14,13.766795635223396,8.688751334867339
90011,2014-12-15,13.742620944976796,8.965136548691087
90011,2014-12-16,14.101271152496299,12.137052351869004
90011,2014-12-17,14.3700461387634,10.774767778273532
90011,2014-12-18,13.300545692443865,9.257735443152287
90011,2014-12-19,14.237320899963365,9.597250614732832
90011,2014-12-20,13.852610111236581,9.992970636158724
90011,2014-12-21,15.349839687347451,10.534630464419788
90011,2014-12-22,16.9751791954041,10.543416270830086
90011,2014-12-23,19.68106174468995,11.629415451840101
90011,2014-12-24,18.18068170547485,12.3393212832423
90011,2014-12-25,14.726686954498252,10.199471972316008
90011,2014-12-26,11.8219394683838,6.192152783827517
90011,2014-12-27,11.07151961326599,5.000511988804394
90011,2014-12-28,11.427198410034169,5.902237110310443
90011,2014-12-29,11.29708123207093,5.8267430990059825
90011,2014-12-30,11.208608865737919,7.8247756653723695
90011,2014-12-31,9.833804368972771,5.400886984581703
90011,2015-01-01,8.869957327842705,-4.843869307462671
90011,2015-01-02,9.81937050819395,-3.0508862510943264
90011,2015-01-03,10.984387159347525,-4.416407960167656
90011,2015-01-04,13.10794758796693,-8.087063212190534
90011,2015-01-05,18.631906986236586,-4.6102333967895905
90011,2015-01-06,21.3817105293274,-1.2024675580377147
90011,2015-01-07,20.27775716781615,-2.280411424617009
90011,2015-01-08,17.37286329269405,-3.1953952765990508
90011,2015-01-09,17.6010618209839,0.8649103408850639
90011,2015-01-10,14.681816577911402,8.505184933628906
90011,2015-01-11,15.043523788452148,12.804749599142832
90011,2015-01-12,15.074304580688501,10.109167576621523
90011,2015-01-13,15.9692707061768,9.878919482842335
90011,2015-01-14,15.85496568679808,4.200085158571006
90011,2015-01-15,17.304473400115953,5.103434540083185
90011,2015-01-16,17.4278311729431,4.661734870656913
90011,2015-01-17,18.121065616607652,4.546363033471072
90011,2015-01-18,17.4795742034912,6.891966100310836
90011,2015-01-19,16.0385332107544,6.369024591593275
90011,2015-01-20,14.54148149490355,10.78990310934457
90011,2015-01-21,16.60471487045285,8.938683364698429
90011,2015-01-22,16.93239879608156,4.112676591530717
90011,2015-01-23,17.29902601242065,4.7859309831194805
90011,2015-01-24,19.28781747817995,3.6537816665943947
90011,2015-01-25,19.698269367218,3.420805114971656
90011,2015-01-26,20.15908336639405,11.40752189402895
90011,2015-01-27,17.9998903274536,9.525609216560538
90011,2015-01-28,18.5173826217651,8.772505977746803
90011,2015-01-29,19.79502773284915,12.897210383350473
90011,2015-01-30,18.07455253601075,13.211633116715255
90011,2015-01-31,17.361158847808802,10.029944790975456
90011,2015-02-01,17.137896537780748,3.933410716729517
90011,2015-02-02,17.678713321685798,4.761272499837706
90011,2015-02-03,16.34847593307495,6.141549174512545
90011,2015-02-04,16.689058780670152,7.052604746650352
90011,2015-02-05,18.434386253356948,3.585798468970222
90011,2015-02-06,17.3619613647461,5.669663961853431
90011,2015-02-07,16.16237783432005,6.643728632819499
90011,2015-02-08,19.785225868225098,9.512474871999444
90011,2015-02-09,18.5052771568298,9.064684349280176
90011,2015-02-10,18.6077914237976,4.206744863857962
90011,2015-02-11,21.62621688842775,4.10026365984419
90011,2015-02-12,22.1280274391174,4.906344102564172
90011,2015-02-13,22.796159744262702,5.084232470920506
90011,2015-02-14,21.98689365386965,5.077826740724812
90011,2015-02-15,18.990177154541,4.182942888565777
90011,2015-02-16,16.7271218299866,7.866136222716776
90011,2015-02-17,17.6215763092041,10.263020576803154
90011,2015-02-18,17.586086273193402,6.177990312981852
90011,2015-02-19,17.4248604774475,8.385611798374335
90011,2015-02-20,16.950639724731452,8.703877258539695
90011,2015-02-21,16.83777523040775,11.448484783256161
90011,2015-02-22,14.89217138290405,11.990100809051102
90011,2015-02-23,14.09749603271483,6.925730117922117
90011,2015-02-24,15.766138315200825,1.1592383380301734
90011,2015-02-25,16.062792301177986,4.126713361402679
90011,2015-02-26,15.31117296218872,5.36280509597081
90011,2015-02-27,15.3503918647766,9.510548214648523
90011,2015-02-28,14.8442602157593,11.504498478231822
90011,2015-03-01,13.92083978652955,9.95590524613953
90011,2015-03-02,12.939085960388176,8.767587018922896
90011,2015-03-03,13.800070762634284,5.6392350633683215
90011,2015-03-04,15.635039806365949,4.855757152176235
90011,2015-03-05,17.659236431121826,4.896307767467168
90011,2015-03-06,19.7413802146912,4.374495259033052
90011,2015-03-07,21.08327770233155,6.369887030444904
90011,2015-03-08,18.6549725532532,6.888959001564049
90011,2015-03-09,17.4939184188843,9.323462019923818
90011,2015-03-10,18.88403367996215,7.566031287786675
90011,2015-03-11,19.53389310836795,13.802959129736292
90011,2015-03-12,22.129459857940653,7.62175196772076
90011,2015-03-13,24.62401962280275,10.677984347307302
90011,2015-03-14,25.83983039855955,10.022303882981229
90011,2015-03-15,26.441789627075202,13.089824268003454
90011,2015-03-16,25.196814537048347,11.721931225555002
90011,2015-03-17,22.17699813842775,11.427646450847757
90011,2015-03-18,20.08378982543945,14.45193425145774
90011,2015-03-19,19.5288791656494,11.70164037910745
90011,2015-03-20,20.03492784500125,8.448620720639049
90011,2015-03-21,19.59197616577145,11.850781904383263
90011,2015-03-22,18.445986270904548,11.169569731298008
90011,2015-03-23,17.79033088684085,7.426831612479249
90011,2015-03-24,18.747393608093248,5.7260809133449655
90011,2015-03-25,21.62445068359375,4.4576611983216585
90011,2015-03-26,24.632647514343248,3.779546971921871
90011,2015-03-27,24.10876178741455,5.415828090767452
90011,2015-03-28,20.9798617362976,5.414221396198992
90011,2015-03-29,19.7167429924011,4.747018651358831
90011,2015-03-30,19.28556871414185,5.399961178838069
90011,2015-03-31,18.1449055671692,7.54675661881142
90011,2015-04-01,18.5571732521057,7.507160532192368
90011,2015-04-02,18.0385537147522,3.7830916009496405
90011,2015-04-03,21.6316385269165,0.6400903161995051
90011,2015-04-04,21.2342586517334,3.5387096638028557
90011,2015-04-05,17.9811382293701,6.246292413875427
90011,2015-04-06,15.78499698638915,7.476896447135549
90011,2015-04-07,14.623883724212636,6.243333885839549
90011,2015-04-08,15.07544565200808,0.8981878156681834
90011,2015-04-09,17.34456062316895,2.1106502345811493
90011,2015-04-10,16.5795645713806,4.1082203487541475
90011,2015-04-11,17.02693796157835,0.46480557933409244
90011,2015-04-12,18.49453353881835,-1.8068839198505395
90011,2015-04-13,18.74246549606325,-0.6772189960211977
90011,2015-04-14,18.4553050994873,-0.19970750973129714
90011,2015-04-15,20.0617504119873,-1.108412597436838
90011,2015-04-16,20.34928464889525,-1.124094786906091
90011,2015-04-17,20.2542099952698,-1.3201756956820345
90011,2015-04-18,19.69290018081665,-1.3007508292659986
90011,2015-04-19,18.2191662788391,-1.7352481832212894
90011,2015-04-20,17.1156959533691,-0.10845084028563155
90011,2015-04-21,17.0986008644104,7.537121238446114
90011,2015-04-22,16.55095863342285,3.22328258578185
90011,2015-04-23,16.696705818176248,0.9277219199511093
90011,2015-04-24,16.422034740448,7.221311985000833
90011,2015-04-25,16.011142730712848,4.016836586556407
90011,2015-04-26,18.0096125602722,-2.621144824054657
90011,2015-04-27,20.96901035308835,-0.8922099560263347
90011,2015-04-28,23.5395979881287,0.6975275260236977
90011,2015-04-29,23.6890196800232,1.4784193565601336
90011,2015-04-30,22.853423595428453,1.4804929899118124
90011,2015-05-01,21.9208393096924,0.33473086315027034
90011,2015-05-02,20.7293486595154,0.6160178764877882
90011,2015-05-03,18.5997905731201,-0.3068000167527959
90011,2015-05-04,16.8045425415039,-1.3132010370944454
90011,2015-05-05,16.742238044738748,2.5219616632621027
90011,2015-05-06,16.8614754676819,4.136270327631467
90011,2015-05-07,15.62302207946775,4.208678527955347
90011,2015-05-08,14.24135971069335,1.9193813792988703
90011,2015-05-09,16.112524986267047,0.4231764062500373
90011,2015-05-10,17.34090852737425,-2.6384884174561987
90011,2015-05-11,18.884885787963853,-0.8239062764292194
90011,2015-05-12,18.231042861938498,-0.7350214119606177
90011,2015-05-13,17.4230399131775,0.08431004475919446
90011,2015-05-14,16.16793870925905,4.0248430909527215
90011,2015-05-15,15.819653034210198,6.412259213243451
90011,2015-05-16,16.76787662506105,0.9754393165402468
90011,2015-05-17,17.77517890930175,3.787775345589596
90011,2015-05-18,17.97828102111815,4.960528632021301
90011,2015-05-19,17.2402138710022,0.2570956977421329
90011,2015-05-20,18.05545234680175,3.0772204414577167
90011,2015-05-21,17.800940513610797,4.418667798529059
90011,2015-05-22,17.1810660362244,6.638249969503978
90011,2015-05-23,17.68598222732545,3.6477131071115996
90011,2015-05-24,17.77057600021365,2.4311312814583963
90011,2015-05-25,17.51244688034055,-0.8510937010019929
90011,2015-05-26,18.1652450561523,3.2901409682163067
90011,2015-05-27,18.4416661262512,0.08489795224847528
90011,2015-05-28,18.70767450332645,-0.8435554290887334
90011,2015-05-29,19.635842800140402,-0.14365317146943457
90011,2015-05-30,19.6748929023743,0.05086695871372863
90011,2015-05-31,18.82300329208375,0.033849655584303265
90011,2015-06-01,19.3311858177185,0.41888733083812274
90011,2015-06-02,19.556269168853753,0.36836392264625517
90011,2015-06-03,19.6470947265625,1.4197130202409987
90011,2015-06-04,18.85811710357665,1.4307258083113013
90011,2015-06-05,19.1454873085022,1.0167230071844071
90011,2015-06-06,18.638216495513902,-0.10592576040512092
90011,2015-06-07,20.553408145904548,0.4597693731493631
90011,2015-06-08,22.53630113601685,1.209195012995482
90011,2015-06-09,24.0188217163086,2.9706194502044134
90011,2015-06-10,21.049263954162598,2.5591092011474625
90011,2015-06-11,20.326492309570348,1.9324405337156847
90011,2015-06-12,19.938465118408203,2.384262166492718
90011,2015-06-13,19.777638435363748,2.1968893529280096
90011,2015-06-14,21.1841707229614,2.2130639726997607
90011,2015-06-15,21.2067213058472,1.9781947256097279
90011,2015-06-16,20.82456922531125,1.3972446654870576
90011,2015-06-17,21.22085094451905,1.6726025475592212
90011,2015-06-18,21.774808883667,1.6210618938549062
90011,2015-06-19,21.786253452300997,1.034424667124877
90011,2015-06-20,23.0147047042847,2.349177815936492
90011,2015-06-21,22.3752746582031,2.7591076320941226
90011,2015-06-22,22.5190773010254,2.387510880057497
90011,2015-06-23,23.0863676071167,2.604120276854894
90011,2015-06-24,22.91961097717285,2.6578790847764564
90011,2015-06-25,22.1835346221924,1.9868110671807073
90011,2015-06-26,21.40761280059815,1.739836256280981
90011,2015-06-27,20.87146663665775,2.200958809467356
90011,2015-06-28,24.932493209838853,4.523539122633474
90011,2015-06-29,25.4964427947998,5.043801471068619
90011,2015-06-30,25.55260944366455,4.843443368732561
90011,2015-07-01,24.7571659088135,5.40234774615426
90011,2015-07-02,23.7510757446289,4.251060541433541
90011,2015-07-03,22.06060695648195,2.737601963960262
90011,2015-07-04,21.2923974990845,2.3148126246883027
90011,2015-07-05,21.01278591156005,2.914996555677871
90011,2015-07-06,21.0053777694702,3.1364327684034783
90011,2015-07-07,21.3673334121704,3.2023550102079037
90011,2015-07-08,21.3433437347412,3.846834133296021
90011,2015-07-09,21.22427463531495,3.1479324936658846
90011,2015-07-10,20.757682800293,2.1182244203922314
90011,2015-07-11,21.3342685699463,2.011993203052224
90011,2015-07-12,22.18341541290285,2.246878333501415
90011,2015-07-13,23.2782793045044,3.2272790604942547
90011,2015-07-14,22.726092338561998,2.8464540703250143
90011,2015-07-15,22.765064239501953,3.5133378100418478
90011,2015-07-16,22.7472257614136,3.57962066467371
90011,2015-07-17,22.6393232345581,2.7683765674716523
90011,2015-07-18,24.73787593841555,3.760151066272705
90011,2015-07-19,26.8989353179932,6.416328035176572
90011,2015-07-20,25.51801109313965,6.622663278934836
90011,2015-07-21,24.1773557662964,6.055723140836434
90011,2015-07-22,23.96455478668215,5.4976385009251665
90011,2015-07-23,24.1341133117676,5.229256455504148
90011,2015-07-24,24.58046436309815,4.806795132251976
90011,2015-07-25,24.9944076538086,4.7103340239914315
90011,2015-07-26,23.9714546203613,4.516981732226843
90011,2015-07-27,23.4461631774902,4.634367505314904
90011,2015-07-28,23.81915760040285,4.0628725496935685
90011,2015-07-29,23.36961364746095,4.021903915192031
90011,2015-07-30,24.87778186798095,5.551684039749983
90011,2015-07-31,24.54542827606205,5.112754286937578
90011,2015-08-01,23.83386611938475,4.728503563304737
90011,2015-08-02,23.98772048950195,4.537735107847846
90011,2015-08-03,23.56769084930415,3.7030655377225616
90011,2015-08-04,24.54743671417235,3.8751191386397745
90011,2015-08-05,25.69659900665285,5.116888689623118
90011,2015-08-06,24.320384025573752,4.574556981021464
90011,2015-08-07,23.037117004394553,4.329985671803769
90011,2015-08-08,22.47397899627685,3.6410019894398236
90011,2015-08-09,21.25618553161625,2.4740495295682785
90011,2015-08-10,21.691224098205552,2.6759843637397465
90011,2015-08-11,22.195487976074197,2.5598177057197775
90011,2015-08-12,23.36197662353515,2.6123616528656246
90011,2015-08-13,26.17881298065185,4.940296503554608
90011,2015-08-14,26.82872104644775,5.726274351634048
90011,2015-08-15,28.12387561798095,6.648307503906689
90011,2015-08-16,26.833751678466797,5.571728032658989
90011,2015-08-17,25.115122795105002,5.578285424266963
90011,2015-08-18,24.28715801239015,5.27428554085746
90011,2015-08-19,23.3148651123047,4.5821586981245614
90011,2015-08-20,23.39536666870115,4.606809514295191
90011,2015-08-21,23.0552806854248,4.655091363526313
90011,2015-08-22,23.65642166137695,4.755397995170806
90011,2015-08-23,23.71205043792725,4.059560667919439
90011,2015-08-24,24.132378578186,4.045464234083884
90011,2015-08-25,25.76480388641355,6.134713253870999
90011,2015-08-26,27.24764251708985,6.82239565229702
90011,2015-08-27,27.557354927063,6.693030158454683
90011,2015-08-28,28.88104820251465,7.435642862506687
90011,2015-08-29,27.74246406555175,6.977805718270515
90011,2015-08-30,26.31140804290775,6.542741676103179
90011,2015-08-31,24.342518806457498,5.198367922014067
90011,2015-09-01,24.0368709564209,5.579802253570894
90011,2015-09-02,23.12410068511965,4.827445370872479
90011,2015-09-03,22.7557430267334,4.269507556773687
90011,2015-09-04,22.5662441253662,3.976466668588689
90011,2015-09-05,22.932882308959947,2.898488393934144
90011,2015-09-06,24.2365303039551,2.673792817908667
90011,2015-09-07,26.8903522491455,5.515613124298635
90011,2015-09-08,28.8676300048828,7.645273410846851
90011,2015-09-09,30.7620439529419,9.503299439451132
90011,2015-09-10,30.136224746704098,10.033767670263243
90011,2015-09-11,29.1149482727051,9.110776053164832
90011,2015-09-12,28.0652017593384,8.76717049903377
90011,2015-09-13,26.7740669250488,6.93435953539171
90011,2015-09-14,25.22280025482175,6.271513832654678
90011,2015-09-15,23.45238876342775,5.203529024883064
90011,2015-09-16,22.48919868469235,11.715262754570176
90011,2015-09-17,22.859706878662102,7.6551219888029065
90011,2015-09-18,24.205513000488303,4.807060893782618
90011,2015-09-19,25.9733047485352,6.503551032220818
90011,2015-09-20,28.7408866882324,7.398008359243803
90011,2015-09-21,26.4551486968994,13.574416711129967
90011,2015-09-22,24.67141819000245,13.212291557343885
90011,2015-09-23,24.80662441253665,9.846330213387859
90011,2015-09-24,26.2972784042358,8.464282943544674
90011,2015-09-25,26.811306953430197,9.182254587901236
90011,2015-09-26,26.76222705841065,11.11823502809075
90011,2015-09-27,25.539493560791,9.439433260170976
90011,2015-09-28,25.03329277038575,9.783347742702706
90011,2015-09-29,23.78457069396975,7.220534212978889
90011,2015-09-30,24.819686889648402,8.522803648565226
90011,2015-10-01,24.494423866272,11.094229040127082
90011,2015-10-02,23.8970651626587,11.703496405469286
90011,2015-10-03,23.47440910339355,10.893416465439186
90011,2015-10-04,20.28616428375245,16.039066931808833
90011,2015-10-05,20.45100498199465,14.207871028304961
90011,2015-10-06,21.0448064804077,11.637202427467377
90011,2015-10-07,23.025563240051298,10.662428558814398
90011,2015-10-08,25.102581977844252,10.245014299406389
90011,2015-10-09,29.08258438110355,11.596370236547559
90011,2015-10-10,30.45448303222655,14.477539465978982
90011,2015-10-11,30.021412849426298,15.41045275044637
90011,2015-10-12,28.43448638916015,15.931160577931891
90011,2015-10-13,28.0090217590332,18.946403427222574
90011,2015-10-14,26.003457069397,19.225786892381056
90011,2015-10-15,24.5097751617432,20.39615396089468
90011,2015-10-16,22.765806198120103,20.973007577634842
90011,2015-10-17,23.99173831939695,18.0702998852422
90011,2015-10-18,23.012009620666497,17.701769945927847
90011,2015-10-19,21.75035381317135,14.604527501074369
90011,2015-10-20,21.792760848999002,10.454086474962633
90011,2015-10-21,22.5874433517456,10.233993394634782
90011,2015-10-22,22.11654567718505,12.013591049118325
90011,2015-10-23,21.949219703674302,10.66325208563359
90011,2015-10-24,25.0105619430542,8.998547935688856
90011,2015-10-25,24.1392784118652,12.443692278061823
90011,2015-10-26,23.33829879760745,8.724589318489244
90011,2015-10-27,22.200215339660648,9.679043255210255
90011,2015-10-28,22.39002799987795,15.42653069223208
90011,2015-10-29,24.45607376098635,14.676317797651096
90011,2015-10-30,24.228090286254897,12.229841123961949
90011,2015-10-31,23.4736123085022,8.709491711348324
90011,2015-11-01,21.9895749092102,8.790457313937559
90011,2015-11-02,19.17656469345095,11.572257264322447
90011,2015-11-03,16.19543838500975,8.470485356055061
90011,2015-11-04,15.208821296691902,6.315843633738882
90011,2015-11-05,16.188021183013916,5.126623066548955
90011,2015-11-06,18.02302360534665,5.605554223439466
90011,2015-11-07,19.37567615509035,5.5750201703487905
90011,2015-11-08,18.07799863815305,6.767659280340062
90011,2015-11-09,16.324843883514397,10.779648902093198
90011,2015-11-10,15.1495957374573,7.291647194277519
90011,2015-11-11,15.96527719497683,4.347211517827453
90011,2015-11-12,17.335713863372785,4.474173767971672
90011,2015-11-13,19.11526250839235,5.878642730300905
90011,2015-11-14,17.96839189529415,6.457714847954492
90011,2015-11-15,15.321402072906452,8.28095340130326
90011,2015-11-16,13.977923870086675,9.271727140095923
90011,2015-11-17,15.300103425979605,3.9271736613045207
90011,2015-11-18,16.780573368072535,5.426814699181541
90011,2015-11-19,20.2998013496399,6.802200966644211
90011,2015-11-20,20.98242473602295,8.993286930842217
90011,2015-11-21,23.17487859725955,10.552798663374952
90011,2015-11-22,22.55219221115115,11.166253347899417
90011,2015-11-23,19.7599334716797,9.71130754665681
90011,2015-11-24,16.07742118835445,10.394896992105982
90011,2015-11-25,13.646929264068586,9.833474235521777
90011,2015-11-26,13.21320629119873,7.850933138653348
90011,2015-11-27,13.53887653350828,8.335655286391145
90011,2015-11-28,12.974884510040305,5.8346417422173085
90011,2015-11-29,14.553308010101325,7.8421446110110615
90011,2015-11-30,13.337778329849245,5.353753408804904
90011,2015-12-01,15.024531126022346,5.048821220447746
90011,2015-12-02,17.92967271804808,6.745744188976866
90011,2015-12-03,18.03448581695555,9.560693822504268
90011,2015-12-04,14.912685394287099,9.551861072233763
90011,2015-12-05,17.47899627685546,6.802638128128018
90011,2015-12-06,19.138867855072,10.083649164116117
90011,2015-12-07,19.87457752227785,9.860586349435598
90011,2015-12-08,20.40858936309815,10.341011571361713
90011,2015-12-09,18.3102517127991,11.320251200966377
90011,2015-12-10,15.2988600730896,11.090942728055044
90011,2015-12-11,14.805054187774651,11.344526386274099
90011,2015-12-12,15.034725666046166,9.450521807068627
90011,2015-12-13,13.619678974151615,8.254335520471516
90011,2015-12-14,11.830627202987655,7.910500638839274
90011,2015-12-15,10.99178171157836,-5.809515042962749
90011,2015-12-16,10.52838492393493,-7.89706118495049
90011,2015-12-17,12.611378908157365,-8.222745653834616
90011,2015-12-18,15.00787258148191,-6.359152311355386
90011,2015-12-19,12.817426204681396,0.1794549853975401
90011,2015-12-20,11.604507923126205,-3.0437113554933353
90011,2015-12-21,11.556936979293845,0.02337911739627767
90011,2015-12-22,14.076715946197499,9.424993077529107
90011,2015-12-23,14.6262674331665,4.021736098801993
90011,2015-12-24,12.61988162994383,2.2336598314977234
90011,2015-12-25,11.70472908020022,3.202016427894171
90011,2015-12-26,11.32576727867125,-0.4204920663073403
90011,2015-12-27,9.512584209442151,-5.205199517223608
90011,2015-12-28,8.94284987449646,-3.8452133008032847
90011,2015-12-29,10.273112297058123,-3.342867035394295
90011,2015-12-30,10.821838140487666,-3.9469441030303662
90011,2015-12-31,12.047589063644386,-4.442816183413618
